{"cameraMode":{"drawMode":0,"name":"Shaded","section":"Shading Mode"},"sceneLighting":false,"audioPlay":false,"sceneViewState":{"m_AlwaysRefresh":false,"showFog":true,"showSkybox":false,"showFlares":true,"showImageEffects":true,"showParticleSystems":true,"showVisualEffectGraphs":true,"m_FxEnabled":true},"in2DMode":false,"pivot":{"x":0.6978386640548706,"y":-0.2994565963745117,"z":0.5415351986885071},"rotation":{"x":0.37485837936401369,"y":0.6035189628601074,"z":-0.3832995593547821,"w":0.5902921557426453},"size":1.9705250263214112,"orthographic":false}