{"cameraMode":{"drawMode":0,"name":"Shaded","section":"Shading Mode"},"sceneLighting":false,"audioPlay":false,"sceneViewState":{"m_AlwaysRefresh":false,"showFog":true,"showSkybox":false,"showFlares":true,"showImageEffects":true,"showParticleSystems":true,"showVisualEffectGraphs":true,"m_FxEnabled":true},"in2DMode":false,"pivot":{"x":-0.022271839901804925,"y":0.37125203013420107,"z":0.2721918821334839},"rotation":{"x":0.0021289873402565719,"y":-0.9910178184509277,"z":0.1334061324596405,"w":0.01576652005314827},"size":0.34015175700187685,"orthographic":false}